lambda,errors
1.0,58.846991915619306
1.5,53.093805895820545
2.2,50.31589548307691
3.2,55.74976665369985
4.7,65.4147437340011
6.8,57.63137419327069
10.1,51.655761537362395
14.8,46.39833438746993
21.7,43.189778839422445
31.9,44.00710756256758
46.9,38.976367418037114
68.9,40.323475232986915
101.3,41.88810682581457
